full_name,unique_name,full_name_lower
Virat Kohli,V Kohli,virat kohli
Rohit Sharma,RG Sharma,rohit sharma
Shikhar Dhawan,S Dhawan,shikhar dhawan
David Warner,DA Warner,david warner
Suresh Raina,SK Raina,suresh raina
M S Dhoni,MS Dhoni,m s dhoni
K L Rahul,KL Rahul,k l rahul
AB de Villiers,AB de Villiers,ab de villiers
Ajinkya Rahane,AM Rahane,ajinkya rahane
RV Uthappa,RV Uthappa,rv uthappa
Dinesh Karthik,KD Karthik,dinesh karthik
Faf du Plessis,F du Plessis,faf du plessis
Sanju Samson,SV Samson,sanju samson
A T Rayudu,AT Rayudu,a t rayudu
SA Yadav,SA Yadav,sa yadav
Gautam Gambhir,G Gambhir,gautam gambhir
Jos Buttler,JC Buttler,jos buttler
Manish Pandey,MK Pandey,manish pandey
Shane Watson,SR Watson,shane watson
Shubman Gill,Shubman Gill,shubman gill
Shreyas Iyer,SS Iyer,shreyas iyer
Rishabh Pant,RR Pant,rishabh pant
KA Pollard,KA Pollard,ka pollard
Quinton de Kock,Q de Kock,quinton de kock
Ravindra Jadeja,RA Jadeja,ravindra jadeja
David Miller,DA Miller,david miller
Ishan Kishan,Ishan Kishan,ishan kishan
Wriddhiman Saha,WP Saha,wriddhiman saha
Brendon McCullum,BB McCullum,brendon mccullum
Nitish Rana,N Rana,nitish rana
Parthiv Patel,PA Patel,parthiv patel
Glenn Maxwell,GJ Maxwell,glenn maxwell
Mayank Agarwal,MA Agarwal,mayank agarwal
Yuvraj Singh,Yuvraj Singh,yuvraj singh
Hardik Pandya,HH Pandya,hardik pandya
Virender Sehwag,V Sehwag,virender sehwag
Andre Russell,AD Russell,andre russell
Murali Vijay,M Vijay,murali vijay
R D Gaikwad,RD Gaikwad,r d gaikwad
Steven Smith,SPD Smith,steven smith
Shaun Marsh,SE Marsh,shaun marsh
Jacques Kallis,JH Kallis,jacques kallis
Dwayne Smith,DR Smith,dwayne smith
Sachin Tendulkar,SR Tendulkar,sachin tendulkar
Nicholas Pooran,N Pooran,nicholas pooran
R A Tripathi,RA Tripathi,r a tripathi
Rahul Dravid,R Dravid,rahul dravid
Yashasvi Bhupendra Jaiswal,YBK Jaiswal,yashasvi bhupendra jaiswal
Kane Williamson,KS Williamson,kane williamson
Aaron Finch,AJ Finch,aaron finch
Adam Gilchrist,AC Gilchrist,adam gilchrist
Jean-Paul Duminy,JP Duminy,jean-paul duminy
Marcus Stoinis,MP Stoinis,marcus stoinis
Michael Hussey,MEK Hussey,michael hussey
Axar Patel,AR Patel,axar patel
Prithvi Shaw,PP Shaw,prithvi shaw
Shivam Dube,S Dube,shivam dube
Abhishek Sharma,Abhishek Sharma,abhishek sharma
Devdutt Padikkal,D Padikkal,devdutt padikkal
Mahela Jayawardene,DPMD Jayawardene,mahela jayawardene
B Sai Sudharsan,B Sai Sudharsan,b sai sudharsan
Sunil Narine,SP Narine,sunil narine
K H Pandya,KH Pandya,k h pandya
Mandeep Singh,Mandeep Singh,mandeep singh
Karun Nair,KK Nair,karun nair
Jonny Bairstow,JM Bairstow,jonny bairstow
Riyan Parag,R Parag,riyan parag
Dwayne Bravo,DJ Bravo,dwayne bravo
Naman Ojha,NV Ojha,naman ojha
Tilak Varma,Tilak Varma,tilak varma
Deepak Jagbir Hooda,DJ Hooda,deepak jagbir hooda
Saurabh Tiwary,SS Tiwary,saurabh tiwary
Shimron Hetmeyer,SO Hetmyer,shimron hetmeyer
Heinrich Klaasen,H Klaasen,heinrich klaasen
Venkatesh Iyer,VR Iyer,venkatesh iyer
Subramaniam Badrinath,S Badrinath,subramaniam badrinath
Aiden Markram,AK Markram,aiden markram
Eoin Morgan,EJG Morgan,eoin morgan
Bradley Hodge,BJ Hodge,bradley hodge
Prabhsimran Singh,P Simran Singh,prabhsimran singh
Sourav Ganguly,SC Ganguly,sourav ganguly
Chris Lynn,CA Lynn,chris lynn
DJ Hussey,DJ Hussey,dj hussey
Mitchell Marsh,MR Marsh,mitchell marsh
K M Jadhav,KM Jadhav,k m jadhav
Moeen Ali,MM Ali,moeen ali
Travis Head,TM Head,travis head
R K Tewatia,R Tewatia,r k tewatia
Rajat Patidar,RM Patidar,rajat patidar
Matthew Hayden,ML Hayden,matthew hayden
Rinku Singh,RK Singh,rinku singh
Manan Vohra,M Vohra,manan vohra
Devon Conway,DP Conway,devon conway
Lendl Simmons,LMP Simmons,lendl simmons
Philip Salt,PD Salt,philip salt
Liam Livingstone,LS Livingstone,liam livingstone
Ross Taylor,LRPL Taylor,ross taylor
Sam Curran,SM Curran,sam curran
J M Sharma,JM Sharma,j m sharma
Y Venugopal Rao,Y Venugopal Rao,y venugopal rao
Ayush Badoni,A Badoni,ayush badoni
Ben Stokes,BA Stokes,ben stokes
Herschelle Gibbs,HH Gibbs,herschelle gibbs
Stuart Binny,STR Binny,stuart binny
Tim David,TH David,tim david
Ravi Ashwin,R Ashwin,ravi ashwin
Harbhajan Singh,Harbhajan Singh,harbhajan singh
MS Bisla,MS Bisla,ms bisla
Shakib Al Hasan,Shakib Al Hasan,shakib al hasan
Shashank Singh,Shashank Singh,shashank singh
Sanath Jayasuriya,ST Jayasuriya,sanath jayasuriya
Abdul Samad,Abdul Samad,abdul samad
Graeme Smith,GC Smith,graeme smith
M Shahrukh Khan,M Shahrukh Khan,m shahrukh khan
Angelo Mathews,AD Mathews,angelo mathews
N Wadhera,N Wadhera,n wadhera
Tristan Stubbs,T Stubbs,tristan stubbs
Dhruv Chand Jurel,Dhruv Jurel,dhruv chand jurel
TL Suman,TL Suman,tl suman
Abhishek Nayar,AM Nayar,abhishek nayar
Abishek Porel,Abishek Porel,abishek porel
E Lewis,E Lewis,e lewis
Piyush Chawla,PP Chawla,piyush chawla
Chris Morris,CH Morris,chris morris
Jason Roy,JJ Roy,jason roy
Jesse Ryder,JD Ryder,jesse ryder
S N Khan,SN Khan,s n khan
Rashid Khan,Rashid Khan,rashid khan
Hashim Amla,HM Amla,hashim amla
Priyansh Arya,Priyansh Arya,priyansh arya
Shahbaz Ahmed,Shahbaz Ahmed,shahbaz ahmed
Corey Anderson,CJ Anderson,corey anderson
Ravi Bopara,RS Bopara,ravi bopara
M K Lomror,MK Lomror,m k lomror
MS Washington Sundar,Washington Sundar,ms washington sundar
Gurkeerat Singh,Gurkeerat Singh,gurkeerat singh
Owais Shah,OA Shah,owais shah
PC Valthaty,PC Valthaty,pc valthaty
Sam Billings,SW Billings,sam billings
Rilee Rossouw,RR Rossouw,rilee rossouw
A Raghuvanshi,A Raghuvanshi,a raghuvanshi
Daniel Christian,DT Christian,daniel christian
Dewald Brevis,D Brevis,dewald brevis
JR Hopes,JR Hopes,jr hopes
Rachin Ravindra,R Ravindra,rachin ravindra
Johan Botha,J Botha,johan botha
Ashok Menaria,AL Menaria,ashok menaria
Sherfane Rutherford,SE Rutherford,sherfane rutherford
Ashutosh Sharma,Ashutosh Sharma,ashutosh sharma
Naman Dhir,Naman Dhir,naman dhir
Cheteshwar Pujara,CA Pujara,cheteshwar pujara
Ryan Rickelton,RD Rickelton,ryan rickelton
Azhar Mahmood,Azhar Mahmood,azhar mahmood
Kyle Mayers,KR Mayers,kyle mayers
Karan Sharma,R Powell,karan sharma
S Sohal,S Sohal,s sohal
R Powell,R Powell,r powell
Pawan Negi,P Negi,pawan negi
Rahmanullah Gurbaz,Rahmanullah Gurbaz,rahmanullah gurbaz
Aditya Tare,AP Tare,aditya tare
RN ten Doeschate,RN ten Doeschate,rn ten doeschate
Shardul Thakur,SN Thakur,shardul thakur
Anuj Rawat,Anuj Rawat,anuj rawat
Lalit Yadav,Lalit Yadav,lalit yadav
Colin de Grandhomme,C de Grandhomme,colin de grandhomme
LA Pomersbach,LA Pomersbach,la pomersbach
Unmukt Chand,UBT Chand,unmukt chand
Yogesh Nagar,Y Nagar,yogesh nagar
A Ashish Reddy,A Ashish Reddy,a ashish reddy
B Chipli,B Chipli,b chipli
Josh Inglis,JP Inglis,josh inglis
MJ Lumb,MJ Lumb,mj lumb
PBB Rajapaksa,PBB Rajapaksa,pbb rajapaksa
Priyam Garg,PK Garg,priyam garg
R Sathish,R Sathish,r sathish
Martin Guptill,MJ Guptill,martin guptill
Atharva Taide,Atharva Taide,atharva taide
Mohammad Kaif,M Kaif,mohammad kaif
V Suryavanshi,V Suryavanshi,v suryavanshi
Harpreet Brar,Harpreet Brar,harpreet brar
Simon Katich,SM Katich,simon katich
A Mhatre,A Mhatre,a mhatre
Ben Cutting,BCJ Cutting,ben cutting
MD Mishra,MD Mishra,md mishra
Aniket Verma,Aniket Verma,aniket verma
K Goel,K Goel,k goel
Ramandeep Singh,Ramandeep Singh,ramandeep singh
AA Jhunjhunwala,AA Jhunjhunwala,aa jhunjhunwala
Mohammad Nabi,Mohammad Nabi,mohammad nabi
Colin Ingram,CA Ingram,colin ingram
K S Bharat,KS Bharat,k s bharat
Abhishek Raut,AS Raut,abhishek raut
BJ Rohrer,BJ Rohrer,bj rohrer
Salman Butt,Salman Butt,salman butt
YV Takawale,YV Takawale,yv takawale
HC Brook,HC Brook,hc brook
Bipul Sharma,Bipul Sharma,bipul sharma
R Shepherd,R Shepherd,r shepherd
Sikandar Raza,Sikandar Raza,sikandar raza
R Shreyas Gopal,S Gopal,r shreyas gopal
Sameer Rizvi,Sameer Rizvi,sameer rizvi
MN van Wyk,MN van Wyk,mn van wyk
N Jagadeesan,N Jagadeesan,n jagadeesan
Ryan McLaren,R McLaren,ryan mclaren
Alex Hales,AD Hales,alex hales
David Wiese,D Wiese,david wiese
S Vidyut,S Vidyut,s vidyut
Sachin Baby,Sachin Baby,sachin baby
V Nigam,V Nigam,v nigam
Marco Jansen,M Jansen,marco jansen
Shubham Dubey,SB Dubey,shubham dubey
Anmolpreet Singh,Anmolpreet Singh,anmolpreet singh
S Anirudha,S Anirudha,s anirudha
R D Chahar,RD Chahar,r d chahar
Kamran Akmal,Kamran Akmal,kamran akmal
Usman Khawaja,UT Khawaja,usman khawaja
P K Dogra,P Dogra,p k dogra
Morne Morkel,M Morkel,morne morkel
Arshad Khan,Arshad Khan,arshad khan
Harpreet Singh Bhatia,P Dogra,harpreet singh bhatia
NK Patel,NK Patel,nk patel
AC Blizzard,AC Blizzard,ac blizzard
D L Chahar,DL Chahar,d l chahar
Misbah-ul-Haq,Misbah-ul-Haq,misbah-ul-haq
KK Cooper,KK Cooper,kk cooper
Aman Hakim Khan,Aman Hakim Khan,aman hakim khan
Mohammed Siraj,Mohammed Siraj,mohammed siraj
Mitchell Starc,MA Starc,mitchell starc
DJ Harris,DJ Harris,dj harris
Mitchell Santner,MJ Santner,mitchell santner
LJ Wright,LJ Wright,lj wright
Azmatullah Omarzai,Azmatullah Omarzai,azmatullah omarzai
Prerak Mankad,PN Mankad,prerak mankad
PHKD Mendis,PHKD Mendis,phkd mendis
James Neesham,JDS Neesham,james neesham
DJ Jacobs,DJ Jacobs,dj jacobs
S Rana,S Rana,s rana
IQBAL ABDULLA,Iqbal Abdulla,iqbal abdulla
Lasith Malinga,SL Malinga,lasith malinga
Ankit Sharma,Ankit Sharma,ankit sharma
Mitchell McClenaghan,MJ McClenaghan,mitchell mcclenaghan
Trent Boult,TA Boult,trent boult
Mohammed Shami,Mohammed Shami,mohammed shami
RE Levi,RE Levi,re levi
Nathan Coulter-Nile,NM Coulter-Nile,nathan coulter-nile
LA Carseldine,LA Carseldine,la carseldine
Shahid Afridi,Shahid Afridi,shahid afridi
Wanindu Hasaranga,PWH de Silva,wanindu hasaranga
AD Mascarenhas,AD Mascarenhas,ad mascarenhas
Josh Philippe,JR Philippe,josh philippe
B Akhil,B Akhil,b akhil
TR Birt,TR Birt,tr birt
M Klinger,M Klinger,m klinger
Lockie Ferguson,LH Ferguson,lockie ferguson
SK Rasheed,SK Rasheed,sk rasheed
Vivrant Sharma,Vivrant Sharma,vivrant sharma
AA Bilakhia,AA Bilakhia,aa bilakhia
Urvil Patel,Urvil Patel,urvil patel
Jasprit Bumrah,JJ Bumrah,jasprit bumrah
JG Bethell,JG Bethell,jg bethell
R Sharma,R Sharma,r sharma
HR Shokeen,HR Shokeen,hr shokeen
Kyle Jamieson,KA Jamieson,kyle jamieson
Mohammad Hafeez,Mohammad Hafeez,mohammad hafeez
Anirudh Singh,Anirudh Singh,anirudh singh
Aavesh Khan,Avesh Khan,aavesh khan
Sandeep Sharma,Sandeep Sharma,sandeep sharma
Harshit Rana,Harshit Rana,harshit rana
MG Bracewell,MG Bracewell,mg bracewell
Vishnu Vinod,Vishnu Vinod,vishnu vinod
WA Mota,WA Mota,wa mota
DJ Willey,DJ Willey,dj willey
Shoaib Malik,Shoaib Malik,shoaib malik
Shivam Mavi,Shivam Mavi,shivam mavi
OF Smith,OF Smith,of smith
Anrich Nortje,A Nortje,anrich nortje
AS Yadav,AS Yadav,as yadav
Mayank Markande,M Markande,mayank markande
T Kohler-Cadmore,T Kohler-Cadmore,t kohler-cadmore
Corbin Bosch,C Bosch,corbin bosch
Yashpal Singh,Yashpal Singh,yashpal singh
Ravi Bishnoi,Ravi Bishnoi,ravi bishnoi
Sunny Singh,Sunny Singh,sunny singh
SK Trivedi,SK Trivedi,sk trivedi
Rasikh Salam,Rasikh Salam,rasikh salam
Jayant Yadav,Anureet Singh,jayant yadav
DJ Thornely,DJ Thornely,dj thornely
Umar Gul,Umar Gul,umar gul
Yuzvendra Chahal,YS Chahal,yuzvendra chahal
S Narwal,S Narwal,s narwal
Sohail Tanvir,Sohail Tanvir,sohail tanvir
Joginder Sharma,Joginder Sharma,joginder sharma
Anureet Singh,Anureet Singh,anureet singh
M Ashwin,M Ashwin,m ashwin
B Sumanth,B Sumanth,b sumanth
AP Dole,AP Dole,ap dole
S Sreesanth,S Sreesanth,s sreesanth
D Salunkhe,D Salunkhe,d salunkhe
Imran Tahir,Imran Tahir,imran tahir
Navdeep Saini,Navdeep Saini,navdeep saini
Basil Thampi,Basil Thampi,basil thampi
S Sriram,S Sriram,s sriram
Arshdeep Singh,Arshdeep Singh,arshdeep singh
J Syed Mohammad,J Syed Mohammad,j syed mohammad
Tushar U Deshpande,TU Deshpande,tushar u deshpande
NL McCullum,NL McCullum,nl mccullum
TL Seifert,TL Seifert,tl seifert
Akash Deep,Akash Deep,akash deep
Sanvir Singh,Sanvir Singh,sanvir singh
Mohsin Khan,Mohsin Khan,mohsin khan
MA Khote,MA Khote,ma khote
Tanush Kotian,Tanush Kotian,tanush kotian
BMAJ Mendis,BMAJ Mendis,bmaj mendis
Umran Malik,Umran Malik,umran malik
J Arunkumar,J Arunkumar,j arunkumar
Sediqullah Atal,Sediqullah Atal,sediqullah atal
Yudhvir Singh,Yudhvir Singh,yudhvir singh
B Indrajith,B Indrajith,b indrajith
Siddharth Kaul,S Kaul,siddharth kaul
Noor Ahmad,Noor Ahmad,noor ahmad
AC Thomas,AC Thomas,ac thomas
RA Bawa,RA Bawa,ra bawa
P Sahu,P Sahu,p sahu
Josh Hazlewood,JR Hazlewood,josh hazlewood
Y Gnaneswara Rao,Y Gnaneswara Rao,y gnaneswara rao
Sumit Kumar,Sumit Kumar,sumit kumar
R Sai Kishore,R Sai Kishore,r sai kishore
JJ van der Wath,JJ van der Wath,jj van der wath
Naveen-ul-Haq,Naveen-ul-Haq,naveen-ul-haq
Saurav Chauhan,Saurav Chauhan,saurav chauhan
Parvez Rasool,Parvez Rasool,parvez rasool
M Theekshana,M Theekshana,m theekshana
YV Dhull,YV Dhull,yv dhull
A Kamboj,A Kamboj,a kamboj
VY Mahesh,VY Mahesh,vy mahesh
GR Napier,GR Napier,gr napier
C Madan,C Madan,c madan
I Udana,I Udana,i udana
Virat Singh,Virat Singh,virat singh
Vijaykumar Vyshak,Vijaykumar Vyshak,vijaykumar vyshak
F Behardien,F Behardien,f behardien
Kartik Tyagi,Kartik Tyagi,kartik tyagi
Mustafizur Rahman,Mustafizur Rahman,mustafizur rahman
DT Patil,DT Patil,dt patil
S Badree,S Badree,s badree
Arjun Tendulkar,Arjun Tendulkar,arjun tendulkar
Karanveer Singh,Karanveer Singh,karanveer singh
AA Chavan,AA Chavan,aa chavan
Mujeeb Ur Rahman,Mujeeb Ur Rahman,mujeeb ur rahman
T Henderson,T Henderson,t henderson
AG Murtaza,AG Murtaza,ag murtaza
D du Preez,D du Preez,d du preez
X Thalaivan Sargunam,X Thalaivan Sargunam,x thalaivan sargunam
Mukesh Kumar,Mukesh Kumar,mukesh kumar
J Theron,J Theron,j theron
Simarjeet Singh,Simarjeet Singh,simarjeet singh
L Wood,L Wood,l wood
AA Noffke,AA Noffke,aa noffke
M Prasidh Krishna,M Prasidh Krishna,m prasidh krishna
AA Kulkarni,AA Kulkarni,aa kulkarni
SM Harwood,SM Harwood,sm harwood
SH Johnson,SH Johnson,sh johnson
OC McCoy,OC McCoy,oc mccoy
Akash Madhwal,Akash Madhwal,akash madhwal
JPR Scantlebury-Searles,JPR Scantlebury-Searles,jpr scantlebury-searles
Tymal Mills,TS Mills,tymal mills
I Malhotra,I Malhotra,i malhotra
VS Malik,VS Malik,vs malik
V Viyaskanth,V Viyaskanth,v viyaskanth
Pankaj Singh,Pankaj Singh,pankaj singh
Suryansh Shedge,Suryansh Shedge,suryansh shedge
UA Birla,UA Birla,ua birla
Ankit Soni,Ankit Soni,ankit soni
R Minz,R Minz,r minz
SS Shaikh,SS Shaikh,ss shaikh
Mukesh Choudhary,Mukesh Choudhary,mukesh choudhary
SJ Srivastava,SJ Srivastava,sj srivastava
Prince Yadav,Prince Yadav,prince yadav
Shivam Sharma,Shivam Sharma,shivam sharma
Fazalhaq Farooqi,Fazalhaq Farooqi,fazalhaq farooqi
DP Nannes,DP Nannes,dp nannes
Yash Dayal,Yash Dayal,yash dayal
A Chandila,A Chandila,a chandila
Liton Das,Liton Das,liton das
A Uniyal,A Uniyal,a uniyal
RS Sodhi,RS Sodhi,rs sodhi
RJW Topley,RJW Topley,rjw topley
R Ninan,R Ninan,r ninan
S Tyagi,S Tyagi,s tyagi
Kamran Khan,Kamran Khan,kamran khan
M Tiwari,M Tiwari,m tiwari
Mohammad Asif,Mohammad Asif,mohammad asif
Thangarasu Natarajan,T Natarajan,thangarasu natarajan
Kumar Kushagra,Kumar Kushagra,kumar kushagra
D Kalyankrishna,D Kalyankrishna,d kalyankrishna
Younis Khan,Younis Khan,younis khan
RS Gavaskar,RS Gavaskar,rs gavaskar
S K K Ahmed,KK Ahmed,s k k ahmed
Mashrafe Mortaza,Mashrafe Mortaza,mashrafe mortaza
H Das,H Das,h das
Mohammad Ashraful,Mohammad Ashraful,mohammad ashraful
VS Yeligati,VS Yeligati,vs yeligati
GHS Garton,GHS Garton,ghs garton
Shoaib Akhtar,Shoaib Akhtar,shoaib akhtar
BR Sharath,BR Sharath,br sharath
Shivam Singh,Shivam Singh,shivam singh
KP Appanna,KP Appanna,kp appanna
A Singh,A Singh,a singh
PM Sarvesh Kumar,PM Sarvesh Kumar,pm sarvesh kumar
HF Gurney,HF Gurney,hf gurney
Mohit Rathee,Mohit Rathee,mohit rathee
LB Williams,LB Williams,lb williams
Shoaib Ahmed,Shoaib Ahmed,shoaib ahmed
MJ Suthar,MJ Suthar,mj suthar
Abdul Basith,Abdul Basith,abdul basith
PVSN Raju,PVSN Raju,pvsn raju
NJ Rimmington,NJ Rimmington,nj rimmington
DS Rathi,DS Rathi,ds rathi
P Parameswaran,P Parameswaran,p parameswaran
DP Vijaykumar,DP Vijaykumar,dp vijaykumar
Harmeet Singh,Harmeet Singh,harmeet singh
MJ Owen,MJ Owen,mj owen
K Yadav,K Yadav,k yadav
S Kaushik,S Kaushik,s kaushik
KS Rathore,KS Rathore,ks rathore
Mayank Dagar,Mayank Dagar,mayank dagar
YA Abdulla,YA Abdulla,ya abdulla
ND Doshi,ND Doshi,nd doshi
L Ablish,L Ablish,l ablish
M Pathirana,M Pathirana,m pathirana
C Nanda,C Nanda,c nanda
Sunny Gupta,Sunny Gupta,sunny gupta
Musheer Khan,Musheer Khan,musheer khan
RR Bhatkal,RR Bhatkal,rr bhatkal
R Sanjay Yadav,R Sanjay Yadav,r sanjay yadav
Abdur Razzak,Abdur Razzak,abdur razzak
